Symbol,Name,Last,1M %Chg,52W %Chg,50D Rel Str,100D His Vol,Std Dev,EPS Growth Prv Yr,PEG,ROA%,Debt/Equity
A,Agilent Technologies,150.30,0.03,0.56,0.63,0.16,1.65,0.37,2.75,0.12,0.45
AAL,American Airlines Gp,21.16,-0.04,0.86,0.50,0.42,-0.38,-0.63,N/A,-0.17,N/A
AAP,Advance Auto Parts Inc,210.29,0.05,0.41,0.58,0.21,0.36,2.67,1.36,0.06,0.30
AAPL,Apple Inc,146.80,0.10,0.51,0.59,0.22,0.74,1.20,2.17,0.23,1.57
ABBV,Abbvie Inc,117.54,0.02,0.20,0.56,0.18,0.60,0.22,1.73,0.13,5.40
ABC,Amerisourcebergen Corp,119.84,0.03,0.15,0.54,0.22,1.24,0.05,1.10,0.04,N/A
ABMD,Abiomed Inc,323.54,-0.01,0.09,0.53,0.31,0.13,0.24,4.78,0.13,0.00
ABT,Abbott Laboratories,118.25,0.07,0.18,0.52,0.24,-0.68,1.03,2.34,0.11,0.52
ACN,Accenture Plc,314.26,0.10,0.40,0.63,0.15,0.19,0.26,3.52,0.14,0.00
ADBE,Adobe Systems Inc,623.68,0.08,0.40,0.66,0.22,2.40,0.23,3.13,0.19,0.30
ADI,Analog Devices,162.02,-0.01,0.42,0.51,0.27,-1.26,0.43,2.07,0.10,0.39
ADM,Archer Daniels Midland,57.41,-0.07,0.39,0.45,0.18,-1.24,1.17,2.04,0.05,0.40
ADP,Automatic Data Procs,203.29,0.03,0.38,0.57,0.18,-0.78,-0.02,2.57,0.06,0.35
ADSK,Autodesk Inc,308.51,0.08,0.28,0.56,0.25,1.64,0.22,2.95,0.09,1.70
AEE,Ameren Corp,82.49,0.00,0.03,0.51,0.16,0.23,0.54,3.02,0.03,1.24
AEP,American Electric Power Company,84.88,0.02,-0.05,0.50,0.15,0.21,0.13,3.11,0.03,1.42
AES,The Aes Corp,24.02,-0.07,0.54,0.45,0.25,-0.92,-0.03,1.87,0.03,3.97
AFL,Aflac Inc,53.10,0.01,0.45,0.51,0.19,-0.99,0.26,1.98,0.02,0.25
AIG,American International Group,47.56,0.00,0.48,0.50,0.31,-0.59,8.55,0.99,0.01,0.57
AIZ,Assurant Inc,152.41,-0.02,0.44,0.51,0.19,-0.90,-0.06,0.88,0.01,0.38
AJG,Arthur J. Gallagher & Company,142.11,0.01,0.36,0.55,0.18,0.82,0.10,2.64,0.04,0.64
AKAM,Akamai Technologies,116.96,0.01,0.03,0.56,0.17,-0.84,0.20,2.21,0.10,0.45
ALB,Albemarle Corp,192.76,0.19,1.20,0.59,0.41,0.57,0.10,2.48,0.04,0.34
ALGN,Align Technology,627.92,0.04,0.97,0.55,0.33,0.76,-0.87,2.89,0.10,0.00
ALK,Alaska Air Group,57.98,-0.10,0.60,0.46,0.33,0.28,-3.28,N/A,-0.11,0.81
ALL,Allstate Corp,128.25,0.00,0.37,0.52,0.20,-0.34,0.73,1.08,0.04,0.32
ALLE,Allegion Plc,135.97,-0.02,0.22,0.52,0.21,-2.08,0.15,4.61,0.16,1.96
AMAT,Applied Materials,137.18,0.03,1.14,0.54,0.41,-0.29,0.83,1.09,0.22,0.47
AMCR,Amcor Plc,11.37,-0.01,0.04,0.47,0.19,0.11,0.06,1.59,0.06,1.38
AMD,Adv Micro Devices,91.21,0.09,0.48,0.55,0.34,0.99,2.36,1.30,0.21,0.05
AME,Amtek Inc,137.17,0.03,0.47,0.55,0.18,0.09,0.05,2.86,0.09,0.37
AMGN,Amgen Inc,244.74,0.02,-0.05,0.51,0.20,-0.06,-0.11,1.79,0.15,3.34
AMP,Ameriprise Financial Services,246.88,0.02,0.56,0.52,0.25,-0.97,0.00,N/A,0.01,1.00
AMT,American Tower Corp,281.60,0.06,0.09,0.62,0.17,0.67,0.16,2.17,0.04,6.45
AMZN,Amazon.com Inc,3638.03,0.04,0.17,0.58,0.21,1.02,2.15,2.21,0.09,0.31
ANET,Arista Networks Inc,373.37,0.02,0.60,0.60,0.25,1.59,0.36,3.25,0.15,0.00
ANSS,Ansys Inc,358.23,0.05,0.17,0.53,0.27,1.10,0.47,5.08,0.09,0.19
ANTM,Anthem Inc,384.30,0.01,0.43,0.54,0.18,0.19,0.08,1.20,0.06,0.66
AON,AON Plc,232.51,0.00,0.12,0.48,0.20,0.95,0.16,N/A,0.08,1.67
AOS,Smith A.O. Corp,68.63,0.01,0.35,0.51,0.24,-2.08,0.88,2.83,0.13,0.05
APA,Apa Corp,18.25,-0.17,0.26,0.47,0.51,-0.33,8.00,0.38,0.00,N/A
APD,Air Products and Chemicals,288.46,-0.03,-0.02,0.50,0.17,0.73,0.02,2.73,0.07,0.54
APH,Amphenol Corp,70.03,0.04,0.36,0.55,0.19,-0.16,0.46,2.46,0.10,0.74
APTV,Aptiv Plc,154.49,0.02,0.87,0.53,0.32,-0.56,0.56,3.58,0.04,0.48
ARE,Alexandria Real Estate Equities,194.21,0.06,0.15,0.59,0.18,-0.52,0.05,3.45,0.03,0.58
ATO,Atmos Energy Corp,97.66,-0.01,-0.06,0.49,0.16,-0.58,0.18,2.66,0.04,0.94
ATVI,Activision Blizzard,90.47,-0.02,0.12,0.47,0.22,-0.61,0.28,1.71,0.12,0.24
AVB,Avalonbay Communities,224.45,0.06,0.49,0.62,0.17,-1.53,-0.18,9.90,0.04,0.71
AVGO,Broadcom Ltd,476.33,0.03,0.52,0.53,0.26,-0.46,0.42,1.29,0.13,1.71
AVY,Avery Dennison Corp,200.88,-0.04,0.64,0.50,0.20,-1.05,0.45,3.24,0.11,1.28
AWK,American Water Works,164.42,0.03,0.14,0.55,0.18,0.51,0.09,4.88,0.03,1.42
AXP,American Express Company,170.90,0.04,0.77,0.58,0.24,-0.52,-0.12,1.58,0.02,1.72
AZO,Autozone,1593.90,0.11,0.36,0.62,0.18,0.17,0.84,1.59,0.15,N/A
BA,Boeing Company,220.87,-0.09,0.23,0.47,0.31,-0.31,0.10,N/A,-0.08,N/A
BAC,Bank of America Corp,37.96,-0.05,0.56,0.48,0.24,-0.71,1.78,1.62,0.01,1.01
BAX,Baxter International Inc,80.51,-0.01,-0.10,0.48,0.15,0.38,-0.07,2.36,0.08,0.67
BBY,Best Buy Company,109.98,-0.01,0.13,0.48,0.28,-0.46,2.33,1.54,0.13,0.27
BDX,Becton Dickinson and Company,249.35,0.04,-0.09,0.52,0.16,1.55,0.25,2.20,0.07,0.71
BEN,Franklin Resources,29.44,-0.09,0.41,0.47,0.34,-0.75,0.20,N/A,0.07,0.45
BF.B,Brown Forman Inc Cl B,71.24,-0.03,0.05,0.45,0.19,-1.96,-0.07,N/A,0.12,0.95
BIIB,Biogen Inc,326.36,-0.13,0.16,0.52,0.62,0.41,-0.42,1.60,0.18,0.68
BIO,Bio-Rad Laboratories,675.41,0.08,0.30,0.59,0.20,1.95,1.73,N/A,0.03,0.00
BK,Bank of New York Mellon Corp,49.83,0.01,0.38,0.52,0.24,-0.25,0.12,1.92,0.01,0.63
BKNG,Booking Holdings Inc,2194.41,-0.03,0.28,0.48,0.28,0.01,-2.40,3.68,-0.01,2.28
BKR,Baker Hughes A Ge Co. Cl A,19.88,-0.17,0.21,0.44,0.42,-0.74,0.09,N/A,0.00,0.39
BLK,Blackrock Inc,866.86,0.00,0.49,0.54,0.22,-1.01,0.28,2.22,0.03,0.65
BLL,Ball Corp,81.73,0.00,0.12,0.46,0.21,-0.97,0.18,4.77,0.06,1.95
BMY,Bristol-Myers Squibb Company,67.96,0.03,0.14,0.56,0.16,1.66,0.01,1.27,0.12,1.18
BR,Broadridge Financial Solutions Llc,170.54,0.06,0.30,0.59,0.17,0.56,0.05,N/A,0.13,1.09
BRK.B,Berkshire Hathaway Cl B,277.70,0.00,0.45,0.53,0.15,-0.76,0.27,3.47,0.03,0.00
BSX,Boston Scientific Corp,43.55,-0.01,0.13,0.55,0.20,-0.05,0.32,2.80,0.05,0.58
BWA,Borgwarner Inc,46.47,-0.04,0.21,0.48,0.34,-1.26,0.57,0.83,0.05,0.56
BXP,Boston Properties,114.50,-0.03,0.23,0.52,0.25,-1.06,-0.15,3.07,0.02,1.57
C,Citigroup Inc,66.93,-0.03,0.30,0.46,0.23,-0.80,4.68,0.83,0.01,1.40
CAG,Conagra Brands Inc,34.13,-0.04,-0.07,0.43,0.20,-0.74,-0.28,2.05,0.06,0.99
CAH,Cardinal Health,59.03,0.04,0.05,0.53,0.25,0.67,-0.06,1.21,0.04,3.74
CARR,Carrier Global Corp,50.81,0.10,0.91,0.62,0.23,0.57,0.37,1.74,0.06,1.40
CAT,Caterpillar Inc,209.16,-0.02,0.53,0.46,0.23,-0.51,0.79,1.75,0.05,1.59
CB,Chubb Ltd,167.25,0.05,0.23,0.52,0.25,-0.73,-0.06,1.40,0.02,0.25
CBOE,CBOE Global Markets Inc,117.02,-0.02,0.28,0.56,0.22,-0.95,-0.07,N/A,0.09,0.33
CBRE,CBRE Group Inc,86.69,-0.02,0.95,0.55,0.25,0.50,0.15,1.81,0.07,0.25
CCI,Crown Castle International Corp,192.03,-0.03,0.14,0.53,0.19,-3.66,0.20,1.48,0.03,2.21
CCL,Carnival Corp,22.71,-0.19,0.50,0.46,0.50,-0.53,0.45,N/A,-0.14,1.34
CDNS,Cadence Design Sys,143.02,0.07,0.38,0.56,0.29,1.85,0.52,3.99,0.16,0.14
CDW,CDW Corp,177.46,0.04,0.49,0.56,0.21,0.12,0.25,1.86,0.11,3.34
CE,Celanese Corp,148.88,0.00,0.59,0.49,0.25,-1.02,0.51,0.52,0.10,0.80
CERN,Cerner Corp,78.06,-0.01,0.08,0.52,0.13,0.58,0.03,2.28,0.10,0.37
CF,Cf Industries Holdings,47.22,-0.08,0.56,0.48,0.33,-0.64,1.26,1.87,0.03,0.65
CFG,Citizens Financial Group Inc/Ri,43.49,-0.05,0.70,0.48,0.33,-0.50,14.67,0.22,0.01,0.40
CHD,Church & Dwight Company,85.16,0.01,0.00,0.49,0.16,0.32,0.00,3.61,0.10,0.56
CHRW,C.H. Robinson Ww,91.77,-0.04,0.08,0.46,0.21,-1.46,1.25,2.06,0.12,0.59
CHTR,Charter Communicatio,720.22,0.02,0.27,0.56,0.19,0.24,1.10,1.06,0.02,3.09
CI,Cigna Corp,232.24,-0.02,0.31,0.47,0.18,-0.51,0.01,0.97,0.04,0.66
CINF,Cincinnati Financial,115.02,-0.02,0.43,0.52,0.23,-1.25,0.63,N/A,0.02,0.08
CL,Colgate-Palmolive Company,81.84,0.01,0.10,0.51,0.13,-0.65,0.07,4.27,0.17,11.42
CLX,Clorox Company,180.71,0.04,-0.21,0.48,0.19,0.74,-0.14,3.54,0.18,2.65
CMA,Comerica Inc,67.12,-0.05,0.83,0.48,0.33,-0.76,6.28,0.33,0.01,0.37
CMCSA,Comcast Corp A,57.79,0.00,0.36,0.54,0.21,-0.04,0.07,1.34,0.05,1.11
CME,CME Group Inc,209.36,-0.03,0.23,0.51,0.18,-1.24,-0.23,N/A,0.02,0.13
CMG,Chipotle Mexican Grill,1798.40,0.24,0.52,0.66,0.28,0.92,0.74,3.43,0.10,0.00
CMI,Cummins Inc,237.44,0.00,0.25,0.46,0.21,-0.67,0.27,1.28,0.09,0.40
CMS,Cms Energy Corp,61.23,0.04,-0.04,0.51,0.17,0.33,0.41,3.12,0.03,2.16
CNC,Centene Corp,73.15,0.01,0.09,0.55,0.28,0.31,0.90,1.20,0.05,0.63
CNP,Centerpoint Energy Inc,25.03,0.01,0.25,0.54,0.19,-0.48,0.18,3.51,0.03,2.21
COF,Capital One Financial Corp,161.43,0.04,1.52,0.57,0.29,-0.52,3.33,0.36,0.02,0.61
COG,Cabot Oil & Gas Corp,15.69,-0.02,-0.15,0.45,0.35,-1.03,2.60,0.21,0.06,0.41
COO,Cooper Companies,404.08,0.03,0.39,0.55,0.15,0.73,1.24,2.98,0.08,0.24
COP,Conocophillips,56.67,-0.07,0.39,0.51,0.36,-0.27,0.53,1.87,-0.01,0.45
COST,Costco Wholesale,417.54,0.06,0.27,0.62,0.16,0.94,0.46,4.35,0.08,0.47
CPB,Campbell Soup Company,44.27,-0.03,-0.10,0.43,0.22,-0.79,-0.31,N/A,0.08,1.71
CPRT,Copart Inc,145.52,0.11,0.62,0.65,0.22,0.80,0.88,N/A,0.21,0.14
CRL,Charles River Laboratories Intl,393.25,0.08,0.98,0.65,0.22,2.05,0.38,2.71,0.08,1.01
CRM,Salesforce.com Inc,248.28,0.02,0.30,0.55,0.23,2.46,1.31,8.05,0.05,0.06
CSCO,Cisco Systems Inc,54.54,0.02,0.16,0.57,0.17,1.68,0.04,2.97,0.13,0.24
CSX,CSX Corp,32.67,0.03,0.34,0.52,0.22,1.74,-0.07,1.95,0.07,1.24
CTAS,Cintas Corp,391.07,0.04,0.35,0.57,0.23,-0.17,0.83,3.71,0.13,0.60
CTLT,Catalent Inc,115.19,0.05,0.35,0.55,0.28,1.25,0.70,1.55,0.06,0.85
CTSH,Cognizant Tech Sol,68.11,-0.02,0.10,0.43,0.21,0.51,0.01,1.52,0.10,0.06
CTVA,Corteva Inc,42.27,-0.03,0.47,0.46,0.22,0.12,0.34,1.45,0.03,0.04
CTXS,Citrix Systems Inc,114.49,0.00,-0.32,0.44,0.24,0.33,-0.37,2.80,0.09,13.91
CVS,CVS Corp,82.63,-0.01,0.30,0.53,0.19,-0.57,0.07,1.57,0.04,0.83
CVX,Chevron Corp,98.82,-0.07,0.09,0.47,0.26,-0.64,-0.30,3.19,0.00,0.31
CZR,Caesars Entertainment Inc,92.52,-0.11,1.42,0.49,0.45,-0.67,-19.73,N/A,-0.07,5.71
D,Dominion Resources,74.39,-0.02,-0.06,0.48,0.16,-0.44,0.00,2.93,0.03,1.35
DAL,Delta Air Lines Inc,41.06,-0.10,0.56,0.46,0.32,-0.59,0.76,N/A,-0.09,54.07
DD,Du Pont De.Nemours Inc,74.44,-0.03,0.37,0.47,0.23,-0.33,0.08,2.09,0.04,0.38
DE,Deere & Company,351.33,0.03,1.00,0.51,0.23,-0.33,1.69,0.92,0.06,2.33
DFS,Discover Financial Services,123.96,0.05,1.45,0.57,0.32,-0.49,21.16,0.16,0.02,1.89
DG,Dollar General Corp,225.59,0.05,0.16,0.58,0.21,0.87,0.10,1.95,0.10,0.62
DGX,Quest Diagnostics Inc,137.97,0.06,0.06,0.57,0.16,2.35,3.00,0.46,0.14,0.59
DHI,D.R. Horton,89.64,-0.01,0.38,0.51,0.33,-1.13,0.95,0.92,0.16,0.34
DHR,Danaher Corp,288.96,0.08,0.48,0.63,0.22,2.87,1.40,1.77,0.08,0.55
DIS,Walt Disney Company,175.13,0.01,0.47,0.49,0.19,-0.58,0.32,3.53,0.01,0.57
DISCA,Discovery Comm A,28.48,-0.03,0.35,0.42,0.69,-0.64,-0.76,1.40,0.05,1.20
DISCK,Discovery Comm Inc,26.91,-0.03,0.42,0.43,0.71,-0.38,-0.76,N/A,0.05,1.20
DISH,Dish Network Corp,41.92,0.03,0.25,0.53,0.37,0.12,6.62,4.73,0.06,1.07
DLR,Digital Realty Trust,153.98,-0.01,0.06,0.53,0.20,-0.49,0.09,3.52,0.02,0.76
DLTR,Dollar Tree Inc,99.39,-0.01,0.02,0.45,0.24,0.37,0.54,1.59,0.07,0.44
DOV,Dover Corp,164.83,0.12,0.57,0.63,0.21,0.28,0.30,1.89,0.11,0.88
DOW,Dow Inc,60.48,-0.05,0.36,0.47,0.28,0.81,1.31,0.28,0.03,1.11
DPZ,Domino's Pizza Inc,538.82,0.17,0.38,0.73,0.27,4.52,-0.02,3.11,0.29,N/A
DRE,Duke Realty Corp,50.50,0.05,0.36,0.61,0.17,-0.16,0.18,4.33,0.04,0.67
DRI,Darden Restaurants,144.20,0.06,0.86,0.53,0.32,-0.23,2.64,1.82,0.06,0.36
DTE,Dte Energy Company,114.88,0.05,0.20,0.53,0.17,-0.11,0.47,3.25,0.03,1.57
DUK,Duke Energy Corp,102.92,0.03,0.22,0.55,0.15,-0.33,0.11,3.84,0.02,1.15
DVA,Davita Healthcare Partners Inc,120.11,-0.03,0.38,0.52,0.21,0.01,0.14,0.92,0.05,6.16
DVN,Devon Energy Corp,25.99,-0.09,1.35,0.51,0.51,-0.46,2.46,0.34,0.02,0.83
DXC,Dxc Technology Company,38.71,0.02,1.24,0.56,0.37,-0.51,-0.38,0.39,0.03,0.82
DXCM,Dexcom,450.89,0.05,0.06,0.59,0.32,0.63,-0.25,N/A,0.07,0.89
EA,Electronic Arts Inc,142.29,0.01,0.03,0.51,0.19,1.09,-0.34,N/A,0.11,0.24
EBAY,Ebay Inc,72.06,0.11,0.28,0.60,0.33,2.35,0.40,1.67,0.12,1.55
ECL,Ecolab Inc,214.94,0.02,0.02,0.51,0.19,0.24,-0.28,3.29,0.06,1.06
ED,Consolidated Edison Company of New York,73.04,-0.02,-0.04,0.47,0.15,0.39,0.07,8.70,0.02,1.07
EFX,Equifax Inc,249.72,0.05,0.49,0.60,0.31,-1.57,0.41,2.52,0.10,0.98
EIX,Edison International,55.90,0.00,-0.01,0.47,0.20,-0.42,0.25,3.65,0.03,1.26
EL,Estee Lauder Companies,326.58,0.09,0.67,0.59,0.23,0.87,0.91,4.15,0.10,0.99
EMN,Eastman Chemical Company,108.26,-0.08,0.41,0.46,0.28,-0.85,0.05,0.67,0.05,0.82
EMR,Emerson Electric Company,97.44,0.03,0.52,0.55,0.21,-0.56,0.09,2.34,0.10,0.63
ENPH,Enphase Energy Inc,178.94,0.07,1.88,0.55,0.64,-0.15,-0.04,2.99,0.09,1.25
EOG,Eog Resources,73.70,-0.13,0.47,0.49,0.43,-0.24,1.95,0.99,0.04,0.25
EQIX,Equinix Inc,820.82,0.00,0.12,0.58,0.21,0.11,0.12,2.18,0.02,1.21
EQR,Equity Residential,83.90,0.06,0.51,0.61,0.18,-0.84,-0.22,9.28,0.03,0.76
ES,Eversource Energy,84.81,0.06,-0.05,0.51,0.19,1.01,0.13,3.45,0.03,1.04
ESS,Essex Property Trust,327.51,0.07,0.48,0.60,0.21,-0.84,-0.12,7.49,0.03,0.98
ETN,Eaton Corp,156.05,0.09,0.66,0.59,0.19,0.22,0.32,2.16,0.06,0.58
ETR,Entergy Corp,100.89,-0.02,-0.02,0.48,0.17,-0.23,0.29,N/A,0.02,2.19
ETSY,Etsy Inc,201.85,0.13,0.94,0.54,0.53,1.25,9.00,3.33,0.22,1.97
EVRG,Evergy Inc,64.14,0.04,0.00,0.56,0.17,0.42,0.34,3.29,0.03,1.03
EW,Edwards Lifesciences Corp,107.06,0.02,0.37,0.61,0.22,0.69,0.07,2.97,0.17,0.13
EXC,Exelon Corp,46.01,0.04,0.18,0.54,0.16,0.45,-1.07,5.12,0.02,1.07
EXPD,Expeditors Intl,128.38,0.02,0.61,0.61,0.18,-0.55,1.35,N/A,0.19,0.00
EXPE,Expedia Group Inc,160.03,-0.04,0.83,0.49,0.33,-0.64,-0.20,N/A,-0.07,3.15
EXR,Extra Space Storage Inc,168.77,0.04,0.72,0.62,0.19,0.63,0.21,4.90,0.07,1.60
F,Ford Motor Company,13.91,-0.07,1.03,0.53,0.43,-1.05,4.87,0.47,0.02,3.04
FANG,Diamondback Energy,78.67,-0.14,0.89,0.49,0.53,-0.23,0.59,0.37,0.03,0.64
FAST,Fastenal Company,53.91,0.05,0.18,0.56,0.18,-0.70,0.00,3.83,0.21,0.13
FB,Facebook Inc,351.19,0.04,0.46,0.58,0.27,1.02,0.93,1.27,0.22,0.00
FBHS,Fortune Brands Home & Security,96.36,-0.02,0.37,0.49,0.24,-0.98,0.68,N/A,0.10,0.92
FCX,Freeport-Mcmoran Inc,34.80,-0.05,1.56,0.49,0.48,0.18,4.19,0.37,0.04,0.47
FDX,Fedex Corp,296.62,0.00,0.80,0.52,0.27,-0.46,0.98,1.15,0.06,1.04
FE,Firstenergy Corp,39.15,0.04,0.45,0.58,0.17,3.39,0.05,N/A,0.03,3.02
FFIV,F5 Networks Inc,189.96,0.03,0.23,0.51,0.28,1.13,0.13,1.88,0.09,0.18
FIS,Fidelity National Information Services,146.11,0.00,0.01,0.50,0.18,0.32,0.02,1.20,0.04,0.34
FISV,Fiserv Inc,110.05,0.02,0.07,0.47,0.19,0.01,0.18,1.24,0.04,0.64
FITB,Fifth Third Bancorp,36.02,-0.05,0.85,0.47,0.31,-0.98,6.15,1.20,0.01,0.72
FLT,Fleetcor Technologies,254.19,-0.03,-0.03,0.45,0.21,-0.16,-0.08,1.31,0.08,0.93
FMC,FMC Corp,105.88,-0.08,-0.02,0.45,0.21,0.51,-0.17,1.31,0.08,0.87
FOX,Fox Corp Cl B,33.75,-0.06,0.30,0.48,0.25,-0.23,-0.05,N/A,0.08,0.65
FOXA,Fox Corp Cl A,36.00,-0.04,0.39,0.49,0.27,-0.31,-0.05,1.45,0.08,0.65
FRC,First Republic Bank,194.57,0.06,0.72,0.56,0.22,-0.46,0.39,1.34,0.01,1.14
FRT,Federal Realty Investment Trust,115.85,-0.02,0.54,0.53,0.24,-1.17,-0.22,N/A,0.02,1.78
FTNT,Fortinet Inc,270.75,0.12,1.02,0.70,0.29,1.81,0.46,6.57,0.10,1.01
FTV,Fortive Corp,69.16,-0.01,-0.03,0.48,0.21,-0.54,-0.15,4.50,0.07,0.16
GD,General Dynamics Corp,190.57,0.01,0.26,0.54,0.17,-0.47,0.02,2.29,0.06,0.65
GE,General Electric Company,12.70,-0.03,0.80,0.49,0.30,-1.25,-0.40,11.23,0.00,1.90
GILD,Gilead Sciences Inc,68.65,0.02,-0.10,0.54,0.17,0.48,0.24,0.63,0.15,1.55
GIS,General Mills,58.80,-0.02,-0.09,0.46,0.18,-0.35,-0.17,2.15,0.07,1.06
GL,Globe Life Inc,92.91,-0.02,0.23,0.46,0.25,-0.59,-0.12,N/A,0.03,0.21
GLW,Corning Inc,40.43,0.01,0.37,0.48,0.24,-0.92,1.25,1.06,0.05,0.68
GM,General Motors Company,55.64,-0.06,1.12,0.49,0.33,-1.28,2.63,0.83,0.04,1.40
GNRC,Generac Holdings Inc,444.59,0.12,2.28,0.64,0.39,-0.36,1.74,6.60,0.16,0.55
GOOG,Alphabet Cl C,2666.57,0.05,0.70,0.64,0.19,0.64,1.66,1.59,0.17,0.06
GOOGL,Alphabet Cl A,2568.43,0.05,0.64,0.62,0.20,0.77,1.66,1.53,0.17,0.06
GPC,Genuine Parts Company,126.37,0.01,0.42,0.53,0.20,-1.75,0.63,2.92,0.06,0.74
GPN,Global Payments Inc,191.07,-0.01,0.07,0.48,0.20,-0.26,0.15,1.28,0.04,0.36
GPS,Gap Inc,29.02,-0.10,1.26,0.48,0.45,-0.57,1.19,1.31,0.03,0.85
GRMN,Garmin Ltd,151.07,0.06,0.49,0.61,0.16,-0.78,0.30,4.07,0.16,0.00
GS,Goldman Sachs Group,372.71,0.04,0.81,0.55,0.24,-0.12,1.40,N/A,0.02,2.48
GWW,W.W. Grainger,454.43,0.03,0.34,0.54,0.20,-0.59,0.06,1.67,0.13,1.14
HAL,Halliburton Company,20.55,-0.13,0.45,0.48,0.42,-0.37,-0.39,N/A,0.03,1.76
HAS,Hasbro Inc,93.24,0.00,0.18,0.48,0.18,-0.84,0.75,1.20,0.05,1.58
HBAN,Huntington Bcshs,13.75,0.01,0.49,0.47,0.33,-0.93,15.00,N/A,0.01,0.66
HBI,Hanesbrands Inc,17.87,-0.04,0.27,0.47,0.36,-0.72,6.80,1.30,0.08,7.53
HCA,Hca Holdings Inc,246.79,0.18,1.02,0.66,0.30,-0.33,0.78,1.25,0.10,12.42
HD,Home Depot,326.66,0.04,0.23,0.57,0.18,0.10,0.86,1.99,0.22,10.86
HES,Hess Corp,74.99,-0.15,0.44,0.48,0.40,-0.86,2.37,N/A,-0.02,1.28
HIG,Hartford Financial Services Group,61.58,0.00,0.46,0.50,0.37,-1.03,-0.58,1.85,0.03,0.25
HII,Huntington Ingalls Industries,202.17,-0.04,0.13,0.49,0.21,-0.84,-0.13,N/A,0.07,0.85
HLT,Hilton Inc,123.21,-0.02,0.55,0.51,0.26,-0.72,-0.97,N/A,-0.01,N/A
HOLX,Hologic Inc,71.77,0.12,0.15,0.54,0.26,1.77,3.54,0.96,0.29,0.71
HON,Honeywell International Inc,232.74,0.08,0.51,0.56,0.21,0.23,-0.13,2.60,0.08,0.88
HPE,Hewlett Packard Enterprise Comp,14.02,-0.04,0.44,0.46,0.27,-0.86,-0.14,2.40,0.03,0.74
HPQ,HP Inc,27.80,-0.05,0.57,0.45,0.30,-1.61,0.82,0.93,0.11,N/A
HRL,Hormel Foods Corp,46.76,-0.02,-0.06,0.47,0.18,-1.28,0.00,3.78,0.09,0.16
HSIC,Henry Schein Inc,76.44,0.00,0.13,0.53,0.24,-0.77,0.32,1.61,0.06,0.13
HST,Host Marriott Financial Trust,15.91,-0.09,0.46,0.47,0.29,-1.36,-0.96,N/A,-0.07,0.90
HSY,Hershey Foods Corp,176.91,0.03,0.28,0.58,0.13,-0.77,0.18,3.40,0.15,1.81
HUM,Humana Inc,463.70,0.06,0.15,0.57,0.18,0.06,0.42,1.62,0.07,0.43
HWM,Howmet Aerospace Inc,32.33,-0.04,1.00,0.50,0.29,-0.75,-0.65,N/A,0.03,1.17
IBM,International Business Machines,140.71,-0.04,0.09,0.51,0.20,-0.33,0.07,1.58,0.05,2.38
ICE,Intercontinental Exchange,120.37,0.05,0.25,0.57,0.15,0.19,0.05,N/A,0.02,0.71
IDXX,Idexx Laboratories,683.03,0.12,0.87,0.68,0.22,2.06,0.82,4.27,0.31,1.11
IEX,Idex Corp,226.21,0.04,0.34,0.55,0.17,-0.54,0.14,3.00,0.10,0.40
IFF,International Flavors & Fragrances,146.05,-0.02,0.14,0.54,0.17,0.70,-0.01,2.42,0.04,0.52
ILMN,Illumina Inc,486.52,0.04,0.24,0.60,0.31,0.74,0.15,N/A,0.09,0.34
INCY,Incyte Corp,78.62,-0.08,-0.25,0.45,0.23,-0.68,1.16,0.98,0.15,0.01
INFO,IHS Markit Ltd,115.55,0.03,0.44,0.61,0.19,0.39,0.27,N/A,0.06,0.53
INTC,Intel Corp,55.96,0.00,-0.08,0.48,0.26,-0.40,-0.04,1.58,0.15,0.42
INTU,Intuit Inc,521.31,0.09,0.76,0.67,0.22,1.95,0.30,4.66,0.16,0.23
IP,International Paper Company,57.86,-0.05,0.58,0.49,0.22,-0.95,0.33,N/A,0.04,1.02
IPG,Interpublic Group of Companies,34.11,0.07,0.90,0.57,0.31,-0.70,3.09,1.35,0.05,0.99
IPGP,Ipg Photonics Corp,212.09,0.04,0.19,0.51,0.38,-0.60,1.93,N/A,0.09,0.01
IQV,Iqvia Holdings Inc,244.91,0.00,0.49,0.58,0.19,0.59,0.37,2.31,0.05,1.94
IR,Ingersoll Rand Inc,48.50,0.04,0.52,0.51,0.26,-0.15,3.00,N/A,0.01,0.42
IRM,Iron Mountain Inc,43.58,0.00,0.58,0.56,0.25,-0.62,0.37,9.26,0.04,8.91
ISRG,Intuitive Surg Inc,973.89,0.08,0.43,0.63,0.26,2.83,0.34,8.11,0.15,0.00
IT,Gartner Inc,257.09,0.07,1.06,0.68,0.28,0.22,0.67,2.92,0.07,2.19
ITW,Illinois Tool Works Inc,227.57,0.02,0.25,0.52,0.15,-0.93,0.19,2.25,0.15,2.32
IVZ,Invesco Plc,25.13,-0.05,1.39,0.49,0.36,-0.95,1.00,1.39,0.03,0.80
J,Jacobs Engineering Group Inc,132.28,0.00,0.57,0.51,0.21,-0.70,0.19,1.65,0.06,0.57
JBHT,J B Hunt Transport,163.66,0.02,0.24,0.51,0.23,0.01,0.41,1.62,0.10,0.48
JCI,Johnson Controls Intl,70.16,0.05,0.89,0.60,0.21,-0.49,0.24,3.21,0.04,0.39
JKHY,Jack Henry & Assoc,174.88,0.06,-0.05,0.59,0.18,1.22,-0.01,2.67,0.13,0.15
JNJ,Johnson & Johnson,169.98,0.04,0.13,0.55,0.13,0.44,0.13,2.68,0.13,0.46
JNPR,Juniper Networks,27.30,0.00,0.11,0.53,0.23,0.38,0.36,2.00,0.04,0.38
JPM,JP Morgan Chase & Company,150.93,0.00,0.53,0.49,0.21,-0.80,1.74,2.09,0.01,1.12
K,Kellogg Company,62.77,-0.02,-0.07,0.48,0.19,-1.13,0.12,3.53,0.08,1.82
KEY,Keycorp,19.00,-0.08,0.59,0.46,0.31,-0.93,4.08,0.38,0.01,0.79
KEYS,Keysight Technologies Inc Comm,158.58,0.05,0.61,0.59,0.19,0.10,0.91,2.66,0.13,0.51
KHC,Kraft Heinz Company,38.80,-0.04,0.11,0.46,0.18,-1.80,0.24,2.97,0.04,0.54
KIM,Kimco Realty Corp,20.59,0.00,0.82,0.52,0.30,-1.18,-0.11,2.40,0.09,0.93
KLAC,K L A-Tencor Corp,314.36,0.02,0.53,0.51,0.37,-0.40,0.56,1.22,0.21,1.10
KMB,Kimberly-Clark Corp,134.95,0.04,-0.06,0.51,0.17,-0.45,-0.15,3.79,0.15,10.12
KMI,Kinder Morgan,17.47,-0.04,0.17,0.50,0.23,-1.42,1.50,4.68,0.04,0.95
KMX,Carmax Inc,134.41,0.14,0.37,0.55,0.33,-0.49,10.43,1.12,0.05,3.35
KO,Coca-Cola Company,56.47,0.04,0.16,0.57,0.12,-0.19,0.08,3.34,0.09,1.80
KR,Kroger Company,39.73,0.00,0.13,0.55,0.26,-0.68,-0.02,1.58,0.06,1.31
KSU,Kansas City Southern,269.74,-0.05,0.73,0.50,0.37,0.06,0.79,N/A,0.07,0.82
L,Loews Corp,53.52,-0.02,0.46,0.50,0.22,-0.61,4.24,N/A,0.01,0.49
LB,L Brands Inc,76.35,0.11,2.93,0.59,0.37,0.33,2.26,0.88,0.15,N/A
LDOS,Leidos Holdings Inc,105.21,0.00,0.15,0.53,0.18,-0.35,0.45,1.55,0.07,1.17
LEG,Leggett & Platt Inc,47.79,-0.06,0.30,0.47,0.29,-1.12,0.56,N/A,0.07,1.34
LEN,Lennar Corp,100.11,0.02,0.41,0.53,0.39,-0.31,0.97,N/A,0.10,0.31
LH,Laboratory Corp of America Holdings,281.10,0.05,0.41,0.59,0.18,1.54,2.71,1.14,0.15,0.50
LHX,L3Harris Technologies Inc,226.12,0.02,0.30,0.57,0.16,-0.36,0.14,1.87,0.07,0.34
LIN,Linde Plc,295.22,0.02,0.20,0.54,0.17,0.31,0.32,2.56,0.05,0.21
LKQ,LKQ Corp,50.12,0.04,0.76,0.55,0.24,-0.95,0.65,N/A,0.07,0.42
LLY,Eli Lilly and Company,238.49,0.08,0.45,0.62,0.27,0.30,0.07,1.87,0.16,2.28
LMT,Lockheed Martin Corp,379.93,-0.01,-0.04,0.51,0.15,-0.26,0.08,3.04,0.14,1.84
LNC,Lincoln National Corp,60.18,-0.02,0.60,0.48,0.37,-0.74,-0.19,0.16,0.00,0.32
LNT,Alliant Energy Corp,57.56,0.01,0.10,0.54,0.17,0.26,-0.06,4.08,0.03,1.12
LOW,Lowe's Companies,196.77,0.03,0.32,0.54,0.20,1.02,0.81,1.30,0.15,14.38
LRCX,Lam Research Corp,635.93,0.02,0.76,0.53,0.39,-0.11,0.88,0.56,0.23,0.93
LUMN,Centurylink,12.63,-0.10,0.29,0.46,0.28,-1.19,0.19,2.58,0.03,2.44
LUV,Southwest Airlines Company,51.29,-0.08,0.54,0.45,0.29,-1.48,-10.47,N/A,-0.13,1.20
LVS,Las Vegas Sands,47.22,-0.12,0.01,0.41,0.30,-2.24,-7.33,N/A,-0.09,4.52
LW,Lamb Weston Holdings Inc,74.58,-0.07,0.09,0.45,0.24,-0.96,-0.42,2.26,0.06,6.00
LYB,Lyondellbasell Industries NV,96.00,-0.07,0.40,0.46,0.32,-0.55,1.09,0.66,0.07,1.56
LYV,Live Nation Entertainment,78.80,-0.14,0.61,0.47,0.36,-0.69,-0.53,N/A,-0.17,N/A
MA,Mastercard Inc,382.16,0.01,0.22,0.53,0.22,0.30,-0.05,2.13,0.19,2.06
MAA,Mid-America Apartment Communities,185.34,0.09,0.65,0.68,0.17,-0.27,0.01,13.91,0.02,0.77
MAR,Marriot Int Cl A,138.50,-0.02,0.53,0.49,0.29,-0.64,-0.62,N/A,0.00,40.11
MAS,Masco Corp,58.95,0.01,0.07,0.49,0.20,-1.17,0.93,N/A,0.17,13.62
MCD,McDonald's Corp,238.67,0.02,0.20,0.56,0.13,1.25,0.31,3.07,0.10,N/A
MCHP,Microchip Technology,138.38,-0.05,0.32,0.47,0.35,-0.80,0.23,1.18,0.10,1.42
MCK,Mckesson Corp,199.03,0.05,0.27,0.55,0.22,0.80,0.18,1.42,0.05,82.70
MCO,Moody's Corp,381.21,0.06,0.30,0.65,0.18,0.73,0.49,3.26,0.18,2.85
MDLZ,Mondelez Intl Inc,63.84,0.02,0.17,0.57,0.12,-0.49,0.12,2.54,0.06,0.62
MDT,Medtronic Inc,127.11,0.00,0.30,0.53,0.16,0.05,1.59,2.42,0.06,0.52
MET,Metlife Inc,57.81,-0.02,0.50,0.48,0.27,-1.00,0.39,1.60,0.01,0.23
MGM,MGM Resorts International,39.23,-0.07,1.40,0.50,0.38,-0.63,-0.51,N/A,-0.06,1.18
MHK,Mohawk Industries,187.38,-0.01,1.23,0.49,0.34,-1.25,1.10,N/A,0.05,0.20
MKC,Mccormick & Company,84.73,-0.03,-0.13,0.44,0.14,-1.02,-0.06,4.28,0.07,1.14
MKTX,Marketaxess Holdings,464.42,0.01,-0.12,0.48,0.29,1.27,0.08,N/A,0.24,0.00
MLM,Martin Marietta Materials,350.74,0.02,0.56,0.52,0.25,-0.34,1.54,2.20,0.07,0.44
MMC,Marsh & Mclennan Companies,145.90,0.07,0.26,0.63,0.15,2.61,0.21,2.67,0.08,1.07
MMM,3M Company,199.07,0.02,0.25,0.52,0.16,-0.86,0.28,2.13,0.12,1.22
MNST,Monster Beverage Cp,93.37,0.02,0.23,0.52,0.18,0.03,0.13,2.68,0.22,0.00
MO,Altria Group,46.99,-0.01,0.14,0.49,0.23,-0.69,-0.02,2.55,0.17,9.41
MOS,Mosaic Company,30.15,-0.03,1.25,0.48,0.36,-0.47,10.50,1.25,0.03,0.41
MPC,Marathon Petroleum Corp,53.39,-0.13,0.38,0.47,0.31,-0.60,-0.25,5.53,-0.03,1.08
MPWR,Monolithic Power Sys,405.00,0.15,0.62,0.58,0.35,-0.05,0.34,3.41,0.14,0.00
MRK,Merck & Company,76.53,0.00,-0.03,0.49,0.17,0.28,-0.07,2.24,0.16,0.89
MRNA,Moderna Inc,323.48,0.46,2.89,0.70,0.64,0.21,9.11,1.06,0.08,0.04
MRO,Marathon Oil Corp,11.70,-0.13,1.02,0.50,0.55,-0.48,2.31,0.34,-0.03,0.46
MS,Morgan Stanley,95.57,0.12,0.87,0.59,0.27,-0.06,-0.07,1.91,0.01,2.16
MSCI,MSCI Inc,572.15,0.10,0.47,0.67,0.20,1.35,0.29,N/A,0.17,N/A
MSFT,Microsoft Corp,286.14,0.08,0.35,0.63,0.19,1.93,0.39,2.57,0.18,0.37
MSI,Motorola Solutions,220.12,0.03,0.56,0.60,0.19,0.42,0.30,2.98,0.12,N/A
MTB,M&T Bank Corp,128.99,-0.12,0.25,0.42,0.29,-1.47,0.75,N/A,0.01,0.23
MTD,Mettler-Toledo International,1459.59,0.06,0.65,0.62,0.20,2.03,0.64,2.91,0.24,7.70
MU,Micron Technology,75.53,-0.03,0.46,0.47,0.38,-1.00,1.41,1.03,0.09,0.15
MXIM,Maxim Integrated,98.12,-0.02,0.42,0.51,0.29,-1.29,0.34,2.71,0.20,0.46
NCLH,Norwegian Cruise Ord,25.64,-0.17,0.75,0.47,0.55,-0.42,-1.05,N/A,-0.15,2.78
NDAQ,Nasdaq Inc,185.34,0.04,0.38,0.64,0.18,-0.47,0.31,N/A,0.07,0.86
NEE,Nextera Energy,76.12,0.03,0.09,0.52,0.19,0.31,0.13,3.93,0.04,1.01
NEM,Newmont Mining Corp,60.21,-0.04,-0.08,0.44,0.27,-0.24,0.85,N/A,0.06,0.23
NFLX,Netflix Inc,511.77,0.01,0.04,0.49,0.26,-0.28,1.39,1.65,0.11,1.15
NI,NiSource Inc,24.88,-0.01,0.01,0.50,0.17,0.32,0.01,3.01,0.02,1.79
NKE,Nike Inc,163.68,0.24,0.65,0.64,0.33,0.50,2.82,2.43,0.16,0.79
NLOK,Nortonlifelock Inc,25.71,-0.05,0.24,0.52,0.30,0.35,0.65,N/A,0.13,N/A
NLSN,Nielsen Holdings Plc,24.05,-0.03,0.60,0.48,0.26,-0.73,0.88,N/A,0.04,1.86
NOC,Northrop Grumman Corp,359.26,-0.04,0.14,0.52,0.17,-0.59,0.28,1.66,0.10,1.21
NOV,Nov Inc,13.74,-0.16,0.13,0.47,0.52,-0.64,-3.00,N/A,-0.03,0.32
NOW,Servicenow Inc,576.70,0.06,0.31,0.58,0.31,1.69,0.61,16.54,0.03,0.53
NRG,NRG Energy,40.64,0.09,0.21,0.55,0.42,0.60,0.53,0.15,0.04,5.74
NSC,Norfolk Southern Corp,263.90,0.00,0.40,0.49,0.22,0.58,0.03,1.91,0.06,0.83
NTAP,Netapp Inc,77.13,-0.04,0.71,0.51,0.26,-1.27,-0.07,2.27,0.09,5.51
NTRS,Northern Trust Corp,110.83,-0.01,0.47,0.50,0.26,-1.25,0.10,N/A,0.01,0.42
NUE,Nucor Corp,93.85,-0.02,1.22,0.53,0.41,0.49,2.13,0.43,0.08,0.44
NVDA,Nvidia Corp,195.94,0.04,0.88,0.59,0.37,0.39,1.11,3.24,0.22,0.35
NVR,NVR Inc,5014.64,0.04,0.34,0.54,0.27,1.60,0.41,N/A,0.18,0.50
NWL,Newell Rubbermaid Inc,26.94,0.02,0.61,0.51,0.24,-0.69,2.33,N/A,0.06,1.33
NWS,News Cp Cl B,23.19,-0.04,0.81,0.49,0.28,-0.56,2.00,N/A,0.02,0.11
NWSA,News Cp Cl A,24.41,-0.04,0.90,0.49,0.28,-0.56,2.00,N/A,0.02,0.11
NXPI,Nxp Semiconductors,194.31,-0.02,0.60,0.50,0.33,-1.18,0.20,2.26,0.09,0.89
O,Realty Income Corp,69.91,0.04,0.20,0.55,0.17,-0.39,-0.02,4.89,0.02,0.74
ODFL,Old Dominion Freight Line Inc,255.34,0.01,0.37,0.53,0.19,0.35,0.53,1.43,0.17,0.03
OGN,Organon & CO [Ogn/I],30.92,0.05,N/A,N/A,N/A,0.95,0.00,1.00,0.00,0.00
OKE,Oneok Inc,53.09,-0.04,0.80,0.52,0.30,-0.30,0.04,2.52,0.05,2.24
OMC,Omnicom Group Inc,72.00,-0.09,0.31,0.44,0.21,-1.42,0.12,1.24,0.05,1.56
ORCL,Oracle Corp,90.69,0.15,0.62,0.64,0.23,0.78,0.27,2.45,0.11,6.59
ORLY,O'Reilly Automotive,609.04,0.10,0.35,0.67,0.14,0.94,0.78,1.74,0.16,N/A
OTIS,Otis Worldwide Corp,87.33,0.07,0.49,0.66,0.19,0.67,0.20,N/A,0.11,N/A
OXY,Occidental Petroleum Corp,27.01,-0.10,0.59,0.50,0.57,-0.17,0.71,N/A,-0.04,4.15
PAYC,Paycom Software Inc,385.54,0.07,0.29,0.54,0.33,0.44,0.00,5.07,0.05,0.04
PAYX,Paychex Inc,110.94,0.07,0.50,0.61,0.18,-0.48,0.18,4.04,0.12,0.27
PBCT,People's United Finl,15.27,-0.12,0.32,0.44,0.31,-1.51,0.71,N/A,0.01,0.21
PCAR,Paccar Inc,87.14,0.00,0.02,0.47,0.21,-1.13,0.31,1.49,0.05,0.70
PEAK,Healthpeak Properties Inc,36.06,0.07,0.35,0.58,0.19,-0.17,-0.11,5.60,-0.01,0.79
PEG,Public Service Enterprise Group Inc,60.21,0.01,0.14,0.50,0.17,0.28,0.24,4.89,0.04,0.94
PENN,Penn Natl Gaming Inc,72.03,-0.06,1.00,0.45,0.53,-0.65,8.17,N/A,0.00,2.33
PEP,Pepsico Inc,155.19,0.06,0.14,0.60,0.13,-0.06,0.30,2.97,0.09,2.77
PFE,Pfizer Inc,41.47,0.05,0.08,0.59,0.16,1.57,0.16,1.42,0.10,0.51
PFG,Principal Financial Group Inc,62.01,0.00,0.38,0.51,0.26,-0.87,0.33,0.65,0.01,0.28
PG,Procter & Gamble Company,137.80,0.04,0.09,0.53,0.14,-1.77,0.08,3.38,0.12,0.46
PGR,Progressive Corp,93.40,-0.02,0.04,0.47,0.20,-0.58,-0.17,3.09,0.06,0.31
PH,Parker-Hannifin Corp,302.91,0.05,0.64,0.51,0.21,-0.50,0.41,1.44,0.09,0.89
PHM,Pultegroup,52.49,-0.03,0.33,0.49,0.33,-0.38,0.73,N/A,0.12,0.30
PKG,Packaging Corp of America,131.52,-0.03,0.26,0.45,0.20,-1.06,0.18,3.50,0.08,0.75
PKI,Perkinelmer,160.06,0.04,0.43,0.60,0.22,2.34,4.55,0.43,0.17,0.55
PLD,Prologis Inc,127.17,0.04,0.29,0.60,0.18,0.25,-0.09,4.38,0.03,0.45
PM,Philip Morris International Inc,97.24,-0.03,0.28,0.54,0.16,0.62,0.30,3.22,0.22,N/A
PNC,PNC Bank,181.72,-0.01,0.70,0.50,0.27,-0.93,3.37,0.47,0.01,0.61
PNR,Pentair Ltd,68.18,0.03,0.59,0.55,0.21,-1.25,0.56,1.58,0.11,0.43
PNW,Pinnacle West Capital Corp,83.18,0.01,0.00,0.50,0.19,-0.50,0.19,4.27,0.03,1.11
POOL,Pool Corp,450.52,-0.02,0.49,0.57,0.23,-1.48,2.41,N/A,0.24,0.64
PPG,PPG Industries,160.50,-0.06,0.44,0.47,0.25,0.31,0.96,1.10,0.11,0.89
PPL,PPL Corp,28.07,0.00,0.07,0.48,0.18,-0.08,-0.58,N/A,0.03,1.19
PRGO,Perrigo Company,45.82,-0.02,-0.19,0.51,0.21,-0.42,-0.56,N/A,0.04,0.63
PRU,Prudential Financial Inc,99.45,-0.01,0.52,0.51,0.25,-0.89,0.77,0.66,0.01,0.34
PSA,Public Storage,309.25,0.02,0.64,0.63,0.16,0.34,0.09,4.25,0.11,0.62
PSX,Phillips 66,72.31,-0.18,0.11,0.44,0.34,-0.80,-2.14,1.47,-0.02,0.73
PTC,Ptc Inc,148.28,0.10,0.77,0.57,0.33,0.80,0.77,2.52,0.08,0.91
PVH,Phillips-Van Heusen Corp,101.36,-0.03,1.05,0.49,0.44,-0.15,1.63,0.79,0.02,0.74
PWR,Quanta Services,89.22,0.00,1.18,0.51,0.27,-0.24,0.87,N/A,0.06,0.31
PXD,Pioneer Natural Resources Company,143.85,-0.11,0.40,0.47,0.39,-0.37,0.54,1.33,0.03,0.34
PYPL,Paypal Holdings,303.69,0.06,0.70,0.60,0.27,0.64,1.07,3.81,0.06,0.46
QCOM,Qualcomm Inc,142.44,0.05,0.54,0.53,0.28,0.15,1.41,0.97,0.18,2.05
QRVO,Qorvo Inc,191.41,0.09,0.62,0.53,0.34,-0.86,0.77,1.68,0.14,0.38
RCL,Royal Caribbean Cruises Ltd,77.76,-0.09,0.51,0.47,0.43,-0.43,-2.00,N/A,-0.14,2.26
RE,Everest Re Group,242.72,-0.01,0.08,0.47,0.24,-0.41,0.61,N/A,0.01,0.20
REG,Regency Centers Corp,64.42,0.00,0.56,0.54,0.24,-1.25,-0.08,2.29,0.02,0.60
REGN,Regeneron Pharmaceuticals,586.88,0.10,-0.08,0.60,0.23,0.43,0.72,0.69,0.23,0.17
RF,Regions Financial Corp,18.96,-0.05,0.76,0.46,0.33,-0.62,3.20,1.21,0.01,0.18
RHI,Robert Half International Inc,86.50,-0.02,0.62,0.53,0.22,-0.84,0.24,1.30,0.13,0.00
RJF,Raymond James Financial,128.43,0.01,0.77,0.52,0.24,-0.84,1.09,N/A,0.02,0.42
RL,Ralph Lauren Corp,109.90,-0.06,0.54,0.46,0.36,-0.33,1.56,1.17,0.02,0.63
RMD,Resmed Inc,257.59,0.07,0.25,0.66,0.27,1.14,0.01,3.27,0.17,0.27
ROK,Rockwell Automation Inc,297.51,0.04,0.31,0.59,0.20,-0.26,-0.01,3.29,0.12,0.93
ROL,Rollins Inc,37.64,0.11,0.16,0.57,0.19,0.71,0.62,N/A,0.16,0.10
ROP,Roper Industries,491.60,0.07,0.18,0.63,0.15,-0.57,0.18,3.06,0.06,0.80
ROST,Ross Stores Inc,121.20,0.01,0.37,0.50,0.27,-0.20,5.62,2.67,0.08,0.74
RSG,Republic Services,115.02,0.06,0.34,0.61,0.15,0.17,0.21,3.01,0.05,0.99
RTX,Raytheon Technologies Corp,85.82,-0.02,0.35,0.54,0.20,-0.57,-0.49,1.65,0.02,0.41
SBAC,SBA Communications,334.10,0.04,0.12,0.62,0.17,0.94,0.13,N/A,0.01,N/A
SBUX,Starbucks Corp,122.63,0.10,0.59,0.60,0.19,2.30,0.94,3.22,0.05,N/A
SCHW,The Charles Schwab Corp,67.25,-0.07,0.93,0.49,0.29,-1.71,0.30,N/A,0.01,0.39
SEE,Sealed Air Corp,54.54,-0.07,0.46,0.52,0.24,unch,0.07,1.79,0.09,36.55
SHW,Sherwin-Williams Company,281.55,0.03,0.35,0.57,0.17,-0.13,0.51,2.42,0.12,2.55
SIVB,Svb Financial Group,569.32,0.02,1.56,0.53,0.38,-0.33,2.93,2.31,0.01,0.15
SJM,J.M. Smucker Company,129.23,-0.01,0.20,0.50,0.17,-0.28,-0.26,12.63,0.06,0.48
SLB,Schlumberger N.V.,27.98,-0.15,0.46,0.47,0.43,-0.63,-0.16,N/A,0.02,1.22
SNA,Snap-On Inc,221.58,0.01,0.59,0.49,0.22,-0.85,0.35,1.70,0.11,0.30
SNPS,Synopsys Inc,281.60,0.05,0.40,0.58,0.26,1.37,0.75,4.05,0.10,0.01
SO,Southern Company,62.98,0.01,0.13,0.51,0.15,0.35,0.26,3.82,0.03,1.41
SPG,Simon Property Group,125.10,-0.04,1.02,0.52,0.32,-0.89,-0.11,2.91,0.03,7.53
SPGI,S&P Global Inc,418.60,0.04,0.17,0.60,0.18,0.44,0.24,3.20,0.25,3.74
SRE,Sempra,129.12,-0.06,0.01,0.46,0.17,-0.72,-0.04,3.27,0.04,0.91
STE,Steris Corp,212.17,0.04,0.34,0.57,0.17,1.21,-0.01,N/A,0.09,0.42
STT,State Street Corp,84.89,0.05,0.38,0.52,0.32,-0.12,0.05,1.35,0.01,0.60
STX,Seagate Technology Hldgs Plc,83.14,-0.02,0.68,0.49,0.42,0.38,0.05,9.87,0.13,10.12
STZ,Constellation Brands Inc,223.84,0.00,0.25,0.48,0.19,-1.20,0.01,3.65,0.07,0.75
SWK,Stanley Black & Decker Inc,202.27,0.02,0.33,0.51,0.19,-0.87,1.61,1.54,0.07,0.43
SWKS,Skyworks Solutions,191.04,0.11,0.40,0.55,0.33,-0.67,0.81,1.12,0.24,0.00
SYF,Synchrony Financial,45.91,-0.04,1.00,0.52,0.33,-1.20,1.98,0.36,0.04,1.19
SYK,Stryker Corp,259.10,-0.01,0.33,0.53,0.19,0.14,0.05,2.86,0.09,0.97
SYY,Sysco Corp,71.96,-0.07,0.30,0.44,0.22,-1.21,-0.51,2.31,0.01,8.41
T,AT&T Inc,28.01,-0.03,-0.07,0.44,0.19,0.44,0.02,2.75,0.04,0.88
TAP,Molson Coors Brewing Company,50.45,-0.08,0.41,0.46,0.29,-0.25,-0.97,2.33,0.03,0.56
TDG,Transdigm Group Inc,647.23,-0.05,0.45,0.53,0.24,-0.14,-0.54,4.67,0.03,N/A
TDY,Teledyne Technologies Inc,442.01,0.03,0.31,0.55,0.22,-0.05,0.32,1.78,0.08,0.97
TEL,Te Connectivity Ltd,137.97,0.05,0.59,0.54,0.23,-0.69,0.22,2.06,0.08,0.37
TER,Teradyne Inc,126.72,0.01,0.42,0.51,0.39,-0.68,0.11,1.62,0.23,0.15
TFC,Truist Financial Corp,54.33,0.00,0.46,0.48,0.29,-0.80,0.89,1.09,0.01,0.62
TFX,Teleflex Inc,393.16,-0.03,0.01,0.48,0.29,0.20,0.06,2.67,0.07,0.68
TGT,Target Corp,257.01,0.08,1.09,0.71,0.20,0.64,5.25,1.56,0.13,0.80
TJX,TJX Companies,67.27,0.02,0.26,0.50,0.23,-0.22,1.59,2.40,0.06,0.91
TMO,Thermo Fisher Scientific Inc,524.50,0.07,0.28,0.58,0.23,2.07,1.45,1.21,0.15,0.53
TMUS,T-Mobile US,144.75,-0.01,0.38,0.55,0.20,0.14,-0.25,1.32,0.02,1.14
TPR,Tapestry Inc,39.92,-0.06,1.91,0.48,0.38,-0.91,2.89,1.23,0.07,0.53
TRMB,Trimble Navigation,82.33,0.04,0.85,0.55,0.28,-0.10,0.26,3.82,0.08,0.35
TROW,T Rowe Price Group,205.37,0.05,0.51,0.58,0.23,-0.55,0.61,1.75,0.25,0.00
TRV,The Travelers Companies Inc,147.76,0.00,0.21,0.48,0.22,-1.80,0.04,2.17,0.03,0.23
TSCO,Tractor Supply Company,182.42,0.01,0.25,0.52,0.23,0.53,0.10,2.63,0.13,0.55
TSLA,Tesla Inc,649.26,0.04,1.04,0.50,0.45,-0.48,23.38,6.60,0.02,0.38
TSN,Tyson Foods,70.72,-0.05,0.17,0.44,0.15,-1.38,0.74,3.03,0.07,0.61
TT,Trane Technologies Plc,198.65,0.10,0.87,0.62,0.21,-0.01,1.35,1.43,0.07,0.71
TTWO,Take-Two Interacti,171.28,-0.02,0.11,0.47,0.25,0.18,0.55,5.15,0.13,0.00
TWTR,Twitter Inc,69.57,0.09,0.88,0.56,0.44,0.02,N/A,N/A,-0.06,0.55
TXN,Texas Instruments,183.91,-0.02,0.39,0.50,0.27,-3.27,0.51,2.69,0.33,0.61
TXT,Textron Inc,68.16,0.04,0.98,0.56,0.28,-0.37,1.00,0.81,0.04,0.64
TYL,Tyler Technologies,493.81,0.11,0.34,0.62,0.20,2.09,0.20,N/A,0.07,0.29
UA,Under Armour Inc Cl C,17.48,-0.02,0.86,0.48,0.36,-0.67,1.47,N/A,0.02,0.57
UAA,Under Armour,20.23,0.00,0.94,0.48,0.38,-0.51,1.47,1.78,0.02,0.57
UAL,United Airlines Holdings Inc,47.95,-0.13,0.51,0.46,0.40,-0.12,-1.92,N/A,-0.13,5.01
UDR,United Dominion Realty Trust,54.34,0.10,0.49,0.66,0.18,-0.02,-0.11,6.88,0.01,1.70
UHS,Universal Health Services,150.68,0.00,0.42,0.52,0.23,-1.11,0.41,2.05,0.08,0.53
ULTA,Ulta Beauty Inc,340.32,0.01,0.66,0.53,0.28,-0.22,4.66,1.61,0.11,0.00
UNH,Unitedhealth Group Inc,415.77,0.04,0.36,0.58,0.17,0.29,-0.34,1.65,0.08,0.54
UNM,Unumprovident Corp,27.37,-0.02,0.53,0.49,0.35,-0.76,-0.23,1.06,0.01,0.32
UNP,Union Pacific Corp,219.54,0.00,0.22,0.51,0.19,0.76,-0.07,2.20,0.09,1.55
UPS,United Parcel Service,213.23,0.04,0.80,0.59,0.25,0.52,1.41,1.63,0.14,3.06
URI,United Rentals,319.97,0.05,0.97,0.52,0.33,-0.47,0.03,1.05,0.07,1.79
USB,U.S. Bancorp,55.81,0.00,0.54,0.50,0.26,-1.14,2.12,1.69,0.01,0.81
V,Visa Inc,244.14,0.03,0.23,0.58,0.20,0.17,-0.01,2.29,0.14,0.61
VFC,V.F. Corp,80.39,-0.01,0.35,0.49,0.32,0.29,1.70,1.04,0.04,1.87
VIAC,Viacom CBS Cl B,40.87,0.00,0.64,0.47,0.80,-0.46,0.35,0.72,0.06,0.90
VLO,Valero Energy Corp,63.48,-0.22,0.11,0.43,0.37,-0.91,-6.09,35.84,-0.04,0.74
VMC,Vulcan Materials Company,176.05,0.04,0.38,0.52,0.23,-0.12,0.47,1.85,0.06,0.45
VNO,Vornado Realty Trust,44.05,-0.07,0.22,0.48,0.30,-1.54,-0.10,N/A,0.01,1.33
VRSK,Verisk Analytics Inc,187.20,0.07,0.03,0.55,0.22,0.07,0.05,3.67,0.11,0.97
VRSN,Verisign Inc,233.53,0.03,0.13,0.59,0.17,1.89,-0.54,N/A,0.35,N/A
VRTX,Vertex Pharmaceutic,196.02,0.04,-0.33,0.44,0.26,-0.12,0.15,1.85,0.22,0.06
VTR,Ventas Inc,60.13,0.03,0.66,0.57,0.23,-0.29,-0.26,5.42,0.00,1.17
VTRS,Viatris Inc,13.85,-0.03,N/A,0.46,0.29,-0.81,0.02,N/A,0.03,1.15
VZ,Verizon Communications Inc,55.95,-0.01,0.00,0.47,0.11,unch,0.04,3.54,0.07,2.06
WAB,Wabtec Corp,81.66,0.01,0.33,0.52,0.24,-0.63,-0.08,1.55,0.04,0.39
WAT,Waters Corp,377.17,0.09,0.69,0.67,0.21,1.47,0.99,5.11,0.22,6.94
WBA,Walgreens Boots Alliance,46.49,-0.10,0.14,0.43,0.25,-0.21,0.82,1.40,0.05,0.51
WDC,Western Digital Cp,63.05,-0.08,0.43,0.46,0.41,-1.13,0.17,N/A,0.03,0.87
WEC,Wisconsin Energy Corp,92.47,0.03,-0.01,0.50,0.18,0.39,0.13,3.89,0.03,1.13
WELL,Welltower Inc,87.35,0.06,0.67,0.60,0.24,-0.40,-0.22,5.03,0.03,0.87
WFC,Wells Fargo & Company,45.03,0.03,0.71,0.54,0.31,-0.72,3.09,1.00,0.01,1.10
WHR,Whirlpool Corp,214.68,0.00,0.46,0.48,0.25,-0.75,1.55,1.15,0.07,0.97
WLTW,Willis Towers WT,226.34,-0.02,0.07,0.46,0.24,0.55,0.09,N/A,0.04,0.40
WM,Waste Management,144.98,0.04,0.34,0.60,0.14,0.13,0.14,2.47,0.06,1.78
WMB,Williams Companies,25.26,-0.06,0.30,0.50,0.21,-0.07,0.35,4.13,0.03,1.46
WMT,Wal-Mart Stores,141.27,0.03,0.06,0.52,0.14,0.09,0.43,4.31,0.07,0.51
WRB,W.R. Berkley Corp,75.21,0.01,0.18,0.50,0.19,-1.13,0.57,2.07,0.02,0.51
WRK,Westrock Company,47.96,-0.11,0.61,0.44,0.30,-1.16,-0.19,0.49,0.02,0.76
WST,West Pharmaceutical Services,373.98,0.04,0.46,0.64,0.19,2.23,1.03,2.01,0.17,0.14
WU,Western Union Company,23.03,-0.01,0.02,0.46,0.21,0.07,0.00,N/A,0.09,14.76
WY,Weyerhaeuser Company,34.17,0.00,0.31,0.48,0.26,0.18,4.06,N/A,0.09,0.57
WYNN,Wynn Resorts Ltd,107.40,-0.15,0.41,0.43,0.31,-1.12,0.32,N/A,-0.14,N/A
XEL,XCEL Energy Inc,67.24,0.01,-0.02,0.49,0.16,0.30,0.20,3.74,0.03,1.46
XLNX,Xilinx Inc,136.47,0.05,0.32,0.53,0.36,0.39,0.05,N/A,0.14,0.52
XOM,Exxon Mobil Corp,57.11,-0.10,0.31,0.49,0.28,-0.69,0.23,1.34,0.00,0.28
XRAY,Dentsply Sirona Inc,63.30,-0.02,0.44,0.51,0.21,-0.57,0.67,0.99,0.05,0.39
XYL,Xylem Inc,122.00,0.05,0.64,0.58,0.20,-0.30,1.43,3.54,0.05,0.84
YUM,Yum! Brands,120.26,0.02,0.28,0.56,0.16,2.56,0.67,2.28,0.21,N/A
ZBH,Zimmer Biomet Holdings,158.66,-0.05,0.19,0.48,0.20,-0.41,0.01,2.23,0.05,0.61
ZBRA,Zebra Technologies,536.22,0.06,0.94,0.57,0.25,0.29,0.73,N/A,0.14,0.40
ZION,Zions Bancorp,50.32,-0.05,0.51,0.47,0.36,-0.95,5.12,0.60,0.01,0.18
ZTS,Zoetis Inc Cl A,200.54,0.07,0.38,0.64,0.17,1.46,0.33,3.42,0.15,1.61
